Number,Gender,NameSet,Title,GivenName,MiddleInitial,Surname,StreetAddress,City,State,StateFull,ZipCode,Country,CountryFull,EmailAddress,Username,Password,BrowserUserAgent,TelephoneNumber,TelephoneCountryCode,MothersMaiden,Birthday,TropicalZodiac,CCType,CCNumber,CVV2,CCExpires,NationalID,UPS,WesternUnionMTCN,MoneyGramMTCN,Color,Occupation,Company,Vehicle,Domain,BloodType,Pounds,Kilograms,FeetInches,Centimeters,GUID,Latitude,Longitude
1,female,Hobbit,Ms.,Diamond,D,Took-Took,90 Collett Road,Clover Park,,Manukau,2023,NZ,New Zealand,DiamondTook-Took@teleworm.us,Sors1974,eiThu1ji6j,Mozilla/5.0 (Windows NT 10.0; WOW64; rv:40.0) Gecko/20100101 Firefox/40.0,(028) 3301-776,64,Brown,6/1/1974,Gemini,Visa,4556017188573335,282,4/2017,,1Z A15 539 27 8527 480 2,415297476,15575102,Blue,Transmission rebuilder,Children's Palace,2002 TVR Chimaera,CrazyShades.co.nz,O+,105.4,47.9,"2' 5""",73,bfb2a6e6-44ad-47b6-a2f7-8b0d6b4059f4,-36.974589,174.927419
7,male,Hobbit,Mr.,Marcho,S,Fairbairn,236 Roxburgh Grove,Korokoro,,Lower Hutt,5012,NZ,New Zealand,MarchoFairbairn@rhyta.com,Whiso1960,ue7OhCh5,Mozilla/5.0 (Windows NT 6.1; WOW64; rv:41.0) Gecko/20100101 Firefox/41.0,(026) 7105-882,64,Labingi,4/13/1960,Aries,MasterCard,5178860906014313,800,6/2016,,1Z W67 999 99 1795 799 6,7799006314,87267628,Blue,Dermatology nurse,Albers Super Markets,2005 Citroen C6,ProfileWatcher.co.nz,B+,125.4,57,"2' 5""",74,753619ab-763d-45d3-a7d5-aba9cba71b1e,-41.211641,174.827479
8,female,Hobbit,Mrs.,Regina,M,Took-Took,161 Reeve Street,Levin,,Horowhenua,5510,NZ,New Zealand,ReginaTook-Took@cuvox.de,Yead1947,thoo1Cha,Mozilla/5.0 (Windows NT 6.1; Trident/7.0; rv:11.0) like Gecko,(029) 3234-877,64,Greenhand,9/10/1947,Virgo,MasterCard,5408251565138902,69,5/2019,,1Z 7W4 933 51 0016 602 2,7153179659,19148251,Blue,Heavy truck and tractor-trailer driver,K&G Distributors,2000 Dodge Intrepid,FabulousTips.co.nz,O+,117.9,53.6,"3' 11""",120,c2a9216f-be4d-4895-8445-2dfbc2b24d43,-40.539349,175.349325
10,female,Hobbit,Ms.,Prisca,I,Noakes,204 Sopley Lane,Avondale,,Christchurch,8061,NZ,New Zealand,PriscaNoakes@armyspy.com,Lify1960,wog9AeD5,Mozilla/5.0 (Windows NT 6.1; WOW64; rv:41.0) Gecko/20100101 Firefox/41.0,(021) 9546-999,64,Gammidge,3/20/1960,Pisces,MasterCard,5399216952202604,84,3/2019,,1Z 90E E36 09 0628 330 1,2390171526,48910980,Purple,Respiratory nurse,Prospa-Pal,2012 Renault Clio,RomanticInfo.co.nz,A+,105.8,48.1,"2' 4""",70,f2e38507-a98c-43af-85c1-e4da9184d5b3,-43.428848,172.790874
14,male,Hobbit,Mr.,Marmaduc,P,Mugwort,82 Woodhouse Avenue,Highbury,,Wellington,6012,NZ,New Zealand,MarmaducMugwort@teleworm.us,Pase1980,Thie3naik1,Mozilla/5.0 (Windows NT 6.1; WOW64; rv:40.0) Gecko/20100101 Firefox/40.0,(029) 9963-926,64,Bunce,3/30/1980,Aries,MasterCard,5309516626953667,706,7/2019,,1Z F01 219 40 9176 980 0,5345832197,16055665,Black,Social work policy maker,Robert Hall,2011 Alpina D3,RetirementSeeker.co.nz,B-,140.6,63.9,"2' 5""",74,606f3518-1791-453f-b947-a90b34e901d5,-41.204638,174.67614
16,male,Hobbit,Mr.,Merimas,M,Button,3 Wainui Avenue,Te Awamutu,,Hamilton,3800,NZ,New Zealand,MerimasButton@einrot.com,Whadard,ThiZae0Weec,Mozilla/5.0 (Windows NT 6.3; WOW64; rv:40.0) Gecko/20100101 Firefox/40.0,(021) 2908-691,64,Smallburrow,7/11/1992,Cancer,MasterCard,5129994291618402,677,5/2020,,1Z 558 7V7 07 3252 784 6,601614131,40591295,Brown,Greenskeeper,Gas Zone,1994 Mazda MX-3,MaySpecials.co.nz,B+,104.5,47.5,"3' 4""",102,293773f9-6cca-4271-b66b-2440324241a2,-37.977009,175.398543
17,female,Hobbit,Mrs.,Myrtle,I,Tunnelly,211 Waiaua Crescent,Opunake,,South Taranaki,4616,NZ,New Zealand,MyrtleTunnelly@armyspy.com,Froanday40,AhSh0ik9iex,Mozilla/5.0 (Windows NT 6.1; WOW64; rv:40.0) Gecko/20100101 Firefox/40.0,(022) 3780-220,64,Lothran,2/19/1940,Pisces,Visa,4485637668495695,856,5/2016,,1Z 798 799 90 9155 861 2,4383365917,33219231,Blue,Tumor registrar,Chi-Chi's,2006 Acura TL,WalkingTool.co.nz,A-,99,45,"2' 2""",66,ed403586-f347-4fa7-a56b-eff244df8634,-39.52406,173.910821
18,male,Hobbit,Dr.,Arnor,J,Chubb,208 Princes Street,Marchwiel,,Timaru,7910,NZ,New Zealand,ArnorChubb@fleckens.hu,Whintaked,ayae7aeM,Mozilla/5.0 (Macintosh; Intel Mac OS X 10.10; rv:40.0) Gecko/20100101 Firefox/40.0,(021) 3836-708,64,Noakes,9/8/1965,Virgo,Visa,4929004992308819,155,11/2020,,1Z 573 887 74 1304 985 8,7590914401,82223877,Black,Quality control inspector,Knockout Kickboxing,2015 Lexus RC F,DenimTuxedo.co.nz,A+,127.6,58,"2' 5""",74,a83fda9b-de15-4b60-aff0-28c5da004e49,-44.45786,171.337241
19,female,Hobbit,Mrs.,Amaranth,M,Took-Took,196 Longview Drive,Kairua,,Tauranga,3118,NZ,New Zealand,AmaranthTook-Took@dayrep.com,Fisir1944,Ee0vahcoo,Mozilla/5.0 (Windows NT 6.1; WOW64; rv:40.0) Gecko/20100101 Firefox/40.0,(027) 7636-746,64,Burrows,11/1/1944,Scorpio,Visa,4556488875969096,291,7/2018,,1Z 039 8E9 16 5643 784 8,9831551988,38370407,Orange,Image designer,Murray's Discount Auto Stores,1999 Tata Indica,BizQuarters.co.nz,A+,142.6,64.8,"2' 11""",89,9f0e5391-c710-45d3-9040-df80bd805d62,-37.657895,176.274827
22,female,Hobbit,Ms.,Peony,T,Took-Took,161 King Street,Lynmore,,Rotorua,3010,NZ,New Zealand,PeonyTook-Took@rhyta.com,Rephy1940,woomie3Aegah,Mozilla/5.0 (compatible; MSIE 9.0; Windows NT 6.1; Trident/5.0; Trident/5.0),(026) 5210-608,64,Goodbody,7/16/1940,Cancer,Visa,4539586751123688,38,4/2017,,1Z 66E 146 77 1966 935 4,5763219133,25808982,Purple,Fine arts photographer,Playworld,2002 Honda Mobilio,PodTest.co.nz,A+,136.2,61.9,"2' 10""",87,2716819a-57fe-40cc-881f-4f83740a40d8,-38.147323,176.334182
23,male,Hobbit,Mr.,Haiduc,E,Lightfoot,57 Wiltshire Mews,Yaldhurst,,Christchurch,8042,NZ,New Zealand,HaiducLightfoot@superrito.com,Whaviand1996,ko1Heikee7,Mozilla/5.0 (Macintosh; Intel Mac OS X 10.9; rv:40.0) Gecko/20100101 Firefox/40.0,(021) 1165-053,64,Button,3/2/1996,Pisces,MasterCard,5197609315008649,575,11/2017,,1Z F66 199 69 6211 909 8,8216880070,45412688,Orange,Pipe organ repairer,Sports Town USA,2000 BMW 320,CheatersAnonymous.co.nz,O+,125.8,57.2,"2' 1""",63,94ddb985-9001-4f45-828d-e7a5be9c2217,-43.517975,172.460943
24,female,Hobbit,Mrs.,Angelica,H,Grubb,224 Bowden Place,Te Awamutu,,Hamilton,3800,NZ,New Zealand,AngelicaGrubb@einrot.com,Allynay1944,eiNiw4Pei,Mozilla/5.0 (Macintosh; Intel Mac OS X 10.9; rv:40.0) Gecko/20100101 Firefox/40.0,(020) 0367-784,64,Chubb-Baggins,4/19/1944,Aries,Visa,4916377737153228,437,9/2016,,1Z 946 657 03 4568 260 9,7420965069,39826743,Green,Brake repairer,Royal Gas,1996 Mazda Sentia,EastDesMoines.co.nz,A+,110.7,50.3,"3' 8""",112,35ad3314-ed70-42e3-b2b9-9099013ed436,-38.061659,175.257703
28,female,Hobbit,Ms.,Goldilocks,R,Grubb,51 Caldwell Lane,St Martins,,Christchurch,8022,NZ,New Zealand,GoldilocksGrubb@teleworm.us,Berldn,Yuoch4ua,Mozilla/5.0 (X11; Ubuntu; Linux x86_64; rv:40.0) Gecko/20100101 Firefox/40.0,(022) 4319-771,64,Gardner,1/24/1989,Aquarius,Visa,4539104559873635,560,10/2018,,1Z 6W9 910 04 3383 003 7,3264487260,88303803,Blue,Personnel analyst,Best Biz Survis,2004 Cadillac Escalade,BowlingCourse.co.nz,O+,146.1,66.4,"3' 0""",91,576c13c1-3860-4d1e-ab2e-608b8e210a46,-43.606913,172.649523
29,female,Hobbit,Mrs.,Pansy,O,Hogpen,241 Hutt Road,Johnsonville,,Wellington,6037,NZ,New Zealand,PansyHogpen@cuvox.de,Loste1955,utha8Pe3aer,Mozilla/5.0 (Windows NT 10.0; WOW64; rv:41.0) Gecko/20100101 Firefox/41.0,(028) 5916-173,64,Goold,10/19/1955,Libra,Visa,4929121516490988,79,11/2017,,1Z 66W 04E 43 4445 803 4,7596728396,39219557,Purple,Fabric mender,Asian Fusion,1999 Opel Frontera,LocalChronicle.co.nz,AB+,133.8,60.8,"3' 6""",106,a12daf40-ab18-431f-9e65-0882bac2e721,-41.144631,174.828166
31,male,Hobbit,Mr.,Largo,G,Burrowes,88 Crawshaw Drive,Forest Lake,,Hamilton,3200,NZ,New Zealand,LargoBurrowes@armyspy.com,Ausuchers,aGh5ohchai4,Mozilla/5.0 (Windows NT 10.0; WOW64; rv:41.0) Gecko/20100101 Firefox/41.0,(028) 2245-331,64,Gardner,8/24/1968,Virgo,Visa,4929102867509394,253,9/2018,,1Z 27Y 6F3 31 4006 563 4,3936360343,86989872,Blue,Instructional materials director,Kenny Rogers Roasters,2002 Ford F-150,ParkingAlternatives.co.nz,O+,137.1,62.3,"3' 3""",98,40a1a2bd-3ee6-4d57-9f36-9722d481604b,-37.816371,175.21884
32,female,Hobbit,Mrs.,Diamond,M,Burrowes,174 Heidi Place,Hei Hei,,Christchurch,8042,NZ,New Zealand,DiamondBurrowes@superrito.com,Butia1943,Keitae7er,Mozilla/5.0 (Windows NT 6.1; WOW64; rv:38.0) Gecko/20100101 Firefox/38.0,(028) 2687-696,64,Goodbody,7/4/1943,Cancer,MasterCard,5475856502608722,394,2/2017,,1Z 913 527 17 9133 095 9,9973358078,71455789,Blue,Science technician,Ruehl No. 925,2003 Mitsubishi Diamante,FindLawnmowers.co.nz,O+,124.1,56.4,"2' 2""",66,704cfc7f-ca87-47b1-87fc-dbde3d2c7677,-43.60963,172.515416
33,male,Hobbit,Mr.,Marmadoc,N,Boffin,167 Baden Road,Newtown,,Wellington,6021,NZ,New Zealand,MarmadocBoffin@einrot.com,Sessood,Aexi1ohm7,Mozilla/5.0 (Windows NT 6.1; WOW64; rv:40.0) Gecko/20100101 Firefox/40.0,(021) 2650-377,64,Rumble,5/25/1945,Gemini,Visa,4556918269584549,491,9/2019,,1Z 1V6 419 31 7041 654 4,2025132225,49120534,Blue,Developmental psychologist,Magna Solution,2008 Fiat Bravo,BroadJournal.co.nz,O+,99.4,45.2,"3' 5""",104,29d729cb-7882-41b6-be88-d21dac6eafc2,-41.289878,174.836951
35,male,Hobbit,Mr.,Sancho,B,Lothran,227 Winter Street,Awapuni,,Gisborne,4010,NZ,New Zealand,SanchoLothran@gustr.com,Rame1938,Apai3otoh,Mozilla/5.0 (Macintosh; Intel Mac OS X 10.10; rv:41.0) Gecko/20100101 Firefox/41.0,(020) 0457-654,64,Brockhouse,6/29/1938,Cancer,Visa,4485638272134449,351,6/2019,,1Z 336 653 61 4477 356 2,9883450348,12645555,Blue,Realtor,Scotty's Builders Supply,2012 Ferrari FF,HairMonitor.co.nz,A+,112,50.9,"2' 6""",77,ed493a47-2b83-4fc8-b3b1-ae417dbf1cef,-38.616982,178.104676
41,female,Hobbit,Ms.,Amethyst,M,Smallburrow,216 David Street,Port Taranaki,,New Plymouth,4310,NZ,New Zealand,AmethystSmallburrow@jourrapide.com,Wrour1971,jiek7Uc3mu,Mozilla/5.0 (Windows NT 6.1; WOW64; rv:40.0) Gecko/20100101 Firefox/40.0,(028) 5220-351,64,Roper,5/22/1971,Gemini,MasterCard,5436756951310028,336,9/2020,,1Z 08V V56 20 9363 585 8,2305453750,81847051,Silver,Music arranger,County Market,1993 Chrysler Expresso,TextIdentity.co.nz,B+,133.5,60.7,"3' 11""",119,329e9566-debc-4cd0-999d-aa3310639f76,-39.053064,174.09823
43,male,Hobbit,Mr.,Haiduc,B,Burrowes,153 Turquoise Place,Pukehangi,,Rotorua,3015,NZ,New Zealand,HaiducBurrowes@einrot.com,Wrible,ooghahk9Ie,Mozilla/5.0 (Windows NT 10.0; WOW64; rv:41.0) Gecko/20100101 Firefox/41.0,(029) 0040-979,64,Burrowes,10/25/1958,Scorpio,MasterCard,5106869696590041,923,8/2018,,1Z 332 835 09 1013 949 2,5544302193,82599887,Red,Woodworking machine operator,Harvest Foods,2011 Nissan Murano CrossCabriolet,PopBooth.co.nz,A+,119.9,54.5,"3' 7""",110,66026ef7-b0bf-4f89-9a9c-cb29b050e8ae,-38.134459,176.14594
47,female,Hobbit,Ms.,Pandora,H,Proudfoot,155 Brake Avenue,Tikipunga,,Whangarei,112,NZ,New Zealand,PandoraProudfoot@einrot.com,Orecter,Lo2eib9Reey,Mozilla/5.0 (Macintosh; Intel Mac OS X 10.11; rv:41.0) Gecko/20100101 Firefox/41.0,(027) 0155-253,64,Twofoot,12/26/1949,Capricorn,Visa,4532159564138751,911,9/2019,,1Z 200 842 77 8421 505 8,6879990613,39243963,Blue,Insurance adjuster,Parade of Shoes,2003 Daewoo Magnus,EarlyUpdates.co.nz,A+,127.8,58.1,"2' 5""",74,00b2d008-c38a-4cdd-afc7-50d6bcf244a0,-35.608097,174.397681
60,female,Hobbit,Ms.,Arabella,M,Tûk,45 Carlisle Street,Hillgrove,,Waitaki,9410,NZ,New Zealand,ArabellaTuk@gustr.com,Whisis72,sei6theeGh,Mozilla/5.0 (Windows NT 6.1; WOW64; rv:41.0) Gecko/20100101 Firefox/41.0,(027) 5486-128,64,Longhole,1/11/1972,Capricorn,MasterCard,5186998482094430,880,6/2017,,1Z 267 727 75 8718 180 0,1203509094,58434570,Orange,Health information technician,A.J. August Fashion Wear,2014 Nissan Titan,GotBlogging.co.nz,A+,126.1,57.3,"3' 6""",106,0aff2d6f-f72b-42d0-af92-778e3cb7f269,-45.355701,170.805525
62,female,Hobbit,Ms.,Grimalda,O,Burrows,229 Sunshine Lane,Tainui,,Dunedin,9013,NZ,New Zealand,GrimaldaBurrows@superrito.com,Thansets,eChi0ijuo,Mozilla/5.0 (Windows NT 6.1; WOW64; rv:40.0) Gecko/20100101 Firefox/40.0,(020) 4478-909,64,Bolger,7/31/1932,Leo,MasterCard,5333852777178451,316,4/2019,,1Z 937 Y84 87 9723 341 5,6898833950,78830795,Red,Court reporter,Blockbuster Music,2000 Audi RS4,WirelessTrees.co.nz,O-,115.3,52.4,"2' 9""",83,57789755-5e4a-4b7a-8d5d-31576ed89d2d,-45.938041,170.495714
63,male,Hobbit,Mr.,Celedor,S,Zaragamba,90 Freyberg Street,Hamilton East,,Hamilton,3216,NZ,New Zealand,CeledorZaragamba@cuvox.de,Goofty,coohooRep1moh,Mozilla/5.0 (Windows NT 6.1; rv:41.0) Gecko/20100101 Firefox/41.0,(021) 6170-333,64,Noakes,8/28/1939,Virgo,MasterCard,5150559743008528,297,2/2019,,1Z 799 0W5 04 0176 522 1,598124722,89124040,Blue,Surveillance agent,Macroserve,1993 Pontiac Grand Prix,PromotionBlogs.co.nz,A+,138.4,62.9,"3' 6""",107,3cf13a8b-eb19-495e-8411-ba9cf772ca6a,-37.891168,175.284646
64,male,Hobbit,Dr.,Razanur,C,Oldbuck,115 Brookside,Nelson South,,Nelson,7010,NZ,New Zealand,RazanurOldbuck@armyspy.com,Sherverty,me4Jefoor,Mozilla/5.0 (Windows NT 6.1; rv:40.0) Gecko/20100101 Firefox/40.0,(027) 9848-345,64,Grubb,1/14/1984,Capricorn,Visa,4539081725200739,787,6/2019,,1Z 65A 323 33 3365 510 9,7013586447,41606184,Black,Audio and video equipment operator,Edge Garden Services,2008 Renault Logan,CleanFaces.co.nz,A+,119.5,54.3,"2' 1""",64,de7afa2e-3191-4c51-bf09-70285b06e1fe,-41.288143,173.361245
69,female,Hobbit,Mrs.,Chica ,P,Zaragamba,51 Clark Mcconachy Place,Whangarei Central,,Whangarei,110,NZ,New Zealand,ChicaZaragamba@jourrapide.com,Lovid1930,eeQu5bai5ai,Mozilla/5.0 (Windows NT 6.1; WOW64; Trident/7.0; rv:11.0) like Gecko,(020) 6325-944,64,Hornblower,9/24/1930,Libra,Visa,4929462526328655,149,9/2017,,1Z 480 926 77 5157 167 1,6276874155,49236263,Black,Cargo and freight agent,Computer City,1992 Citroen BX,MobilePerformer.co.nz,B+,118.8,54,"3' 0""",92,642a4f1f-454a-4209-a151-4755ad155f4f,-35.759234,174.29926
70,female,Hobbit,Ms.,Lavinia,T,Greenhand,21 Cromarty Street,Runanga,,Greymouth,7803,NZ,New Zealand,LaviniaGreenhand@rhyta.com,Exclects,doh0chuaG,Mozilla/5.0 (Windows NT 6.1; WOW64; rv:40.0) Gecko/20100101 Firefox/40.0,(026) 5254-380,64,Sandyman,12/12/1950,Sagittarius,MasterCard,5216065923186169,13,12/2019,,1Z 15E W40 38 3202 696 6,6613245778,94771073,Brown,Software quality assurance analyst,Williams Bros.,2005 Toyota Land Cruiser,LampDirectory.co.nz,O+,102.5,46.6,"2' 8""",82,90dce1dc-99bd-4fac-be76-3f324b6f15ea,-42.367639,171.319675
71,female,Hobbit,Ms.,Salvia,B,Whitfoot,116 Cherrywood Place,Tihoitonga,,Rotorua,3015,NZ,New Zealand,SalviaWhitfoot@fleckens.hu,Dazint,Sheet6ee,Mozilla/5.0 (Macintosh; Intel Mac OS X 10.10; rv:41.0) Gecko/20100101 Firefox/41.0,(028) 6685-637,64,Bolger-Baggins,4/29/1948,Taurus,MasterCard,5269420021028795,108,8/2020,,1Z 4Y0 1E0 46 1905 467 1,9168213815,9848206,Green,Dairy farmer,Orion,1997 TVR Chimaera,BasicDealer.co.nz,A+,142.3,64.7,"3' 11""",119,ba58c637-502f-4ed1-ad06-ad31e5ac038d,-38.090545,176.173486
81,male,Hobbit,Mr.,Alberic,L,Sackville-Baggins,20 Wauchope Street,Makaraka,,Gisborne,4010,NZ,New Zealand,AlbericSackville-Baggins@armyspy.com,Cumbefted,cae6chipeiM,Mozilla/5.0 (Windows NT 6.1; rv:41.0) Gecko/20100101 Firefox/41.0,(027) 6014-014,64,Twofoot,5/13/1981,Taurus,Visa,4716421270186278,74,4/2019,,1Z 964 806 24 7200 722 8,5904738595,79450814,Black,Dental technician,Mr. D's IGA,2005 BMW 760,ResellerZoo.co.nz,A+,114,51.8,"3' 7""",110,475b3c9f-c641-4a47-a963-2eeb76dd7374,-38.65572,177.903626
83,female,Hobbit,Ms.,Daisy,G,Headstrong,123 Newcastle Street,Terrace End,,Palmerston North,4410,NZ,New Zealand,DaisyHeadstrong@fleckens.hu,Obst1947,OhghuaYa9oh,Mozilla/5.0 (Macintosh; Intel Mac OS X 10.11; rv:41.0) Gecko/20100101 Firefox/41.0,(027) 1237-596,64,Brandybuck,1/23/1947,Aquarius,MasterCard,5371286837302632,718,11/2020,,1Z 45V 432 00 9873 536 3,7996228649,90769427,Green,Rental manager,Garden Guru,2008 Chevrolet Malibu,LocalDVDs.co.nz,O+,115.9,52.7,"2' 10""",86,e18a1198-d20c-41b6-919d-4511ca970e06,-40.339028,175.688379
86,male,Hobbit,Mr.,Gorbaduc,G,Grubb,38 Queen Street,Dunedin North,,Dunedin,9016,NZ,New Zealand,GorbaducGrubb@einrot.com,Jobley,uimic0aePh1z,Mozilla/5.0 (Windows NT 6.1; WOW64; rv:41.0) Gecko/20100101 Firefox/41.0,(021) 2247-296,64,Bolger,1/26/1939,Aquarius,MasterCard,5518714133471995,660,11/2018,,1Z 303 070 41 6075 343 4,4060191721,94725500,Blue,Bodyguard,Rogers Food Stores,2002 BMW 332,CourseLists.co.nz,AB+,119.7,54.4,"2' 10""",86,e50b31ac-4c47-493a-b667-18dff462eef3,-45.915063,170.425014
90,male,Hobbit,Mr.,Adelbert,M,Grubb,134 Johnston Street,Gore,,Gore,9710,NZ,New Zealand,AdelbertGrubb@teleworm.us,Waaft1972,Eesooluo2,Mozilla/5.0 (Windows NT 6.1; WOW64; Trident/7.0; rv:11.0) like Gecko,(029) 1491-164,64,Greenhand,4/8/1972,Aries,Visa,4485381030415574,82,9/2020,,1Z A18 327 00 4467 058 6,1855245479,91534916,Silver,Recreational therapist,Old America Stores,1995 Lada Samara,DeathFilm.co.nz,O+,115.9,52.7,"2' 11""",89,1d236b43-2cad-41be-95de-a824bb081db4,-46.039414,169.004048
91,male,Hobbit,Mr.,Caradas,E,Diggle,88 Moffat Road,Stanmore Bay,,Whangaparaoa,932,NZ,New Zealand,CaradasDiggle@superrito.com,Yousto1986,aLui1eekai,Mozilla/5.0 (X11; Ubuntu; Linux x86_64; rv:41.0) Gecko/20100101 Firefox/41.0,(021) 8825-661,64,Bolger-Baggins,10/21/1986,Libra,MasterCard,5180088716689191,994,10/2018,,1Z 8F7 2Y1 72 3027 818 1,8682572566,8253447,Green,Human services manager,Total Yard Management,2004 Ford Crown Victoria,PullCable.co.nz,A+,149.2,67.8,"3' 8""",113,e60b0bb9-1bc2-4014-88ab-a2c8d7d25668,-36.640818,174.659409
97,female,Hobbit,Ms.,Semolina,D,Labingi,156 Wratt Street,Lower Moutere,,Tasman,7120,NZ,New Zealand,SemolinaLabingi@fleckens.hu,Doill1936,meDiewo0,Mozilla/5.0 (Windows NT 10.0; WOW64; rv:41.0) Gecko/20100101 Firefox/41.0,(020) 5587-699,64,Took-Took,12/14/1936,Sagittarius,Visa,4556966354015317,687,11/2016,,1Z 27Y 804 43 7601 247 2,7037449586,60213472,Blue,CNC operator,Paul's Food Mart,2004 BMW 118,MarketingMystery.co.nz,A+,134,60.9,"2' 5""",73,d6b02c7f-f067-4142-b911-6d261534b47a,-41.139452,173.104185
103,female,Hobbit,Mrs.,Melilot,P,Noakes,161 Aurora Terrace,Wadestown,,Wellington,6012,NZ,New Zealand,MelilotNoakes@dayrep.com,Pribeeth,theil0Ey3I,Mozilla/5.0 (Macintosh; Intel Mac OS X 10.9; rv:40.0) Gecko/20100101 Firefox/40.0,(021) 7082-640,64,Bolger,6/28/1933,Cancer,MasterCard,5578482217520064,460,1/2018,,1Z 009 660 78 5956 881 2,2421838957,49342827,Blue,Immunology technologist,Multi-Systems Merchant Services,2009 Chevrolet Corvette,LouisvilleHotspots.co.nz,A+,139.9,63.6,"4' 0""",122,eb72f202-3487-438d-9d1b-8aecd15e5dec,-41.274715,174.710009
105,female,Hobbit,Ms.,Myrtle,P,Burrows,215 Weka Grove,Maidstone,,Upper Hutt,5018,NZ,New Zealand,MyrtleBurrows@dayrep.com,Orameffees,Achoh4Oa7b,Mozilla/5.0 (Macintosh; Intel Mac OS X 10.10; rv:41.0) Gecko/20100101 Firefox/41.0,(026) 4658-001,64,Noakes,9/10/1961,Virgo,MasterCard,5109109064503640,583,10/2018,,1Z 394 444 42 1997 953 5,3821849995,4911328,Green,Material distribution,Quickbiz,1998 Volvo C70,FeeDetails.co.nz,O+,143.2,65.1,"3' 5""",105,0a934e66-00b4-4a51-8265-3300d44d8e4c,-41.125578,174.976562
107,male,Hobbit,Mr.,Kalimac,C,Took-Took,72 Frances Street,Okoroire,,Tirau,3410,NZ,New Zealand,KalimacTook-Took@teleworm.us,Marban,eiHah7eirai,Mozilla/5.0 (Windows NT 5.1; rv:41.0) Gecko/20100101 Firefox/41.0,(029) 7079-467,64,Goodbody,3/23/1933,Aries,Visa,4539402134742808,770,4/2020,,1Z 283 491 65 5364 137 1,336453532,95558171,Green,Audio and video equipment operator,Steve & Barry's,2008 BMW 535,TurfRepairs.co.nz,A-,129.8,59,"2' 10""",86,289a31f4-2561-46e0-a037-d1d95846337a,-37.987383,175.731514
111,male,Hobbit,Mr.,Wilimar,M,Hogpen,184 Gibson Road,Hamilton Central,,Hamilton,3204,NZ,New Zealand,WilimarHogpen@gustr.com,Romuffel51,Laixeev6z,Mozilla/5.0 (Windows NT 6.3; WOW64; rv:40.0) Gecko/20100101 Firefox/40.0,(020) 9173-600,64,Goldworthy,1/19/1951,Capricorn,Visa,4556393211876700,91,6/2018,,1Z 216 Y32 78 8084 458 7,8867230666,59979578,Red,Seismologist,Monsource,2002 Hummer H2,DollarMenus.co.nz,A-,124.3,56.5,"3' 7""",110,bfcc9f69-609d-4b5e-932c-db318ce35df3,-37.81998,175.266363
112,male,Hobbit,Mr.,Gorbaduc,P,Puddifoot,161 Blackridge Lane,Burwood,,Christchurch,8083,NZ,New Zealand,GorbaducPuddifoot@rhyta.com,Onday1965,luwughae1Poo,Mozilla/5.0 (Windows NT 10.0; WOW64; rv:41.0) Gecko/20100101 Firefox/41.0,(027) 5438-844,64,Bunce,8/12/1965,Leo,Visa,4539757644929603,425,11/2019,,1Z 604 409 64 5504 070 7,2367447754,69082878,Green,Business office assistant,Security Sporting Goods,2003 Lamborghini Diablo,DoctorSeries.co.nz,O+,103.4,47,"2' 4""",70,6edaaf3c-26c9-42f4-a1d5-b6e4f7388cf2,-43.439748,172.62662
113,male,Hobbit,Mr.,Nob,D,Gardner,212 View Road,Tihoitonga,,Rotorua,3015,NZ,New Zealand,NobGardner@gustr.com,Prople,Eenoow9ahL,Mozilla/5.0 (Windows NT 6.3; WOW64; rv:40.0) Gecko/20100101 Firefox/40.0,(022) 7412-719,64,Hayward,8/1/1953,Leo,Visa,4485323147283834,220,11/2020,,1Z 4E9 175 20 9524 608 8,3341183667,61885599,Green,Metal-refining furnace tender,Omni Superstore,2001 Isuzu VehiCross,PeerPhones.co.nz,O+,108.5,49.3,"3' 1""",93,73d633d2-809f-42c3-acda-00c3b59fb181,-38.048596,176.132076
115,male,Hobbit,Mr.,Crispus,P,Underhill,136 Pelorus Place,Yelverton,,Blenheim,7201,NZ,New Zealand,CrispusUnderhill@teleworm.us,Swers1953,iheeg9OoN,Mozilla/5.0 (Macintosh; Intel Mac OS X 10.9; rv:40.0) Gecko/20100101 Firefox/40.0,(026) 9599-872,64,Brownlock,7/16/1953,Cancer,MasterCard,5136738382373992,866,7/2016,,1Z Y88 134 55 0414 574 9,9542120592,46093895,Blue,Hospice nurse,Wag's,2005 Seat Cordoba,ProgramCam.co.nz,A+,122.5,55.7,"3' 2""",97,f05ef043-0ab4-413a-be0f-80b4c6390c95,-41.467983,174.050989
124,male,Hobbit,Mr.,Reginard,S,Labingi,148 Larges Lane,Nelson South,,Nelson,7010,NZ,New Zealand,ReginardLabingi@armyspy.com,Wheird,deiMu8ho2,Mozilla/5.0 (X11; Ubuntu; Linux x86_64; rv:41.0) Gecko/20100101 Firefox/41.0,(027) 7410-906,64,Tûk,2/16/1986,Aquarius,Visa,4556436998381459,715,5/2019,,1Z 640 96F 08 2720 751 2,5063775451,63155982,Blue,Tile installer,Jackpot Consultant,1999 Ferrari 360,ModernGossip.co.nz,O+,106,48.2,"3' 4""",102,123f9d6e-7e8e-45a1-aef6-fa52f7747068,-41.334424,173.383501
126,male,Hobbit,Mr.,Erling,D,Chubb,79 Jellicoe Street,Watlington,,Timaru,7910,NZ,New Zealand,ErlingChubb@gustr.com,Witimedge,eiBi7me5ia,Mozilla/5.0 (compatible; MSIE 9.0; Windows NT 6.1; WOW64; Trident/5.0),(020) 2289-733,64,Burrowes,1/6/1974,Capricorn,MasterCard,5408830014116021,310,12/2016,,1Z 34E 228 04 8569 718 0,8104949281,42031219,Blue,Medical coder,Oshman's,1994 Xedos 6,SocialSeekers.co.nz,A-,129.1,58.7,"3' 7""",108,d07c63d6-e951-486d-ab07-08db2707b0da,-44.336369,171.159907
135,female,Hobbit,Ms.,Esmeralda,C,Took-Brandybuck,226 Kauri Street,Awapuni,,Gisborne,4010,NZ,New Zealand,EsmeraldaTook-Brandybuck@armyspy.com,Gence1992,oobuuBo0oh,Mozilla/5.0 (Windows NT 6.3; WOW64; Trident/7.0; Touch; rv:11.0) like Gecko,(029) 8907-515,64,Zaragamba,8/1/1992,Leo,Visa,4929763841170015,369,8/2020,,1Z 779 010 07 6319 125 8,4758020834,68692549,Yellow,Aircraft electronic systems specialist,Holly Tree Inn,2006 Mercury Grand Marquis,Inrails.co.nz,B+,115.9,52.7,"3' 6""",107,c7cdee93-7068-4353-b178-bc6c28749c5f,-38.561909,177.986911
136,female,Hobbit,Ms.,Rose,S,Bolger,237 Bowen Drive,Mount Cook,,,7999,NZ,New Zealand,RoseBolger@superrito.com,Stideass,sai9zahmiPh,Mozilla/5.0 (Windows NT 10.0; WOW64; rv:40.0) Gecko/20100101 Firefox/40.0,(020) 0825-870,64,Fairbairn,11/27/1955,Sagittarius,MasterCard,5118304148154812,423,7/2017,,1Z 851 5E3 88 0013 527 5,5725176376,95962574,Blue,Ceiling tile installer,Yardbirds Home Center,1995 Maserati Ghibli,BuyDucts.co.nz,O+,129.8,59,"2' 8""",81,cb8f3ff3-e667-4b72-a6dc-b4381f53949e,-43.707708,170.175142
137,female,Hobbit,Mrs.,Salvia,F,Hogpen,189 Boyes Place,Annesbrook,,Nelson,7011,NZ,New Zealand,SalviaHogpen@dayrep.com,Beenting,eBeFoo3kooj,Mozilla/5.0 (Windows NT 6.1; WOW64; Trident/7.0; rv:11.0) like Gecko,(021) 3765-394,64,Hornblower,5/22/1943,Gemini,MasterCard,5574473350230755,461,12/2019,,1Z 4Y5 036 47 8607 619 4,5282655805,25217955,Brown,Transportation attendant,Big Star Markets,2005 Chrysler Voyager,FootStrain.co.nz,O+,136.4,62,"2' 4""",71,03216c8e-f09f-4599-8c2c-f6c6b2ebcf5d,-41.339746,173.313564
143,female,Hobbit,Ms.,Diamond,G,Brandagamba,59 Thompson Street,Queenstown,,Queenstown,9300,NZ,New Zealand,DiamondBrandagamba@gustr.com,Mined1984,aixi2bai0Qu,Mozilla/5.0 (Windows NT 6.1; WOW64; rv:40.0) Gecko/20100101 Firefox/40.0,(020) 1071-619,64,Labingi,10/5/1984,Libra,Visa,4716394943907240,441,4/2017,,1Z 658 207 18 6347 995 6,6547544784,54142283,Blue,Market and survey researcher,Super Duper,1996 Suzuki Cappuccino,MindImplant.co.nz,A+,120.8,54.9,"3' 9""",114,2bc73e28-f26b-4d97-a9d6-696d91b868c7,-45.087873,168.660831
146,female,Hobbit,Mrs.,Duenna,G,Burrowes,74 Bisson Place,Awatoto,,Napier,4110,NZ,New Zealand,DuennaBurrowes@armyspy.com,Milynaver1941,je1aRahMo,Mozilla/5.0 (X11; Ubuntu; Linux x86_64; rv:41.0) Gecko/20100101 Firefox/41.0,(029) 0183-076,64,Galbassi,12/25/1941,Capricorn,Visa,4929607854972751,446,4/2017,,1Z 964 6F8 24 3133 143 5,3511545551,38872845,Blue,Quality auditor,Millenia Life,2004 GAZ 3111,DiabeticMale.co.nz,B+,101,45.9,"2' 2""",65,e142e8ba-4889-47d5-818f-627fccf48f50,-39.510977,176.816506
149,male,Hobbit,Mr.,Habaccuc,C,Bolger-Baggins,87 Betwin Avenue,Hei Hei,,Christchurch,8042,NZ,New Zealand,HabaccucBolger-Baggins@teleworm.us,Crientic,ael1uoSai,Mozilla/5.0 (Windows NT 6.3; WOW64; rv:40.0) Gecko/20100101 Firefox/40.0,(029) 1196-519,64,Gardner,10/16/1975,Libra,MasterCard,5562908904214163,902,9/2019,,1Z 0V9 990 51 8808 668 4,8294007251,72165499,Blue,Able seaman,Asian Answers,2005 Opel Corsa,ChooseSave.co.nz,A+,128,58.2,"2' 9""",84,3f168bc9-70ef-4cc9-b5a2-e62769e5b22c,-43.431202,172.488164
153,male,Hobbit,Mr.,Dodinas,M,Gammidge,127 Domett Street,Wainui,,Gisborne,4010,NZ,New Zealand,DodinasGammidge@jourrapide.com,Miletalos,Ue7seefaec,Mozilla/5.0 (Windows NT 10.0; WOW64; rv:40.0) Gecko/20100101 Firefox/40.0,(021) 4779-686,64,Zaragamba,11/21/1973,Scorpio,MasterCard,5549220286642120,363,6/2017,,1Z W16 104 71 0193 274 1,9032868426,39222590,Silver,Addictions nurse,Saturday Matinee,2004 Fiat Multipla,PurchasingBroker.co.nz,AB+,132.2,60.1,"2' 4""",71,a6f1eecb-4226-4790-aef2-2ac20174d016,-38.714461,177.944155
154,female,Hobbit,Mrs.,Bellisima,H,Twofoot,85 Kereru Bend,Grenada North,,Wellington,5028,NZ,New Zealand,BellisimaTwofoot@rhyta.com,Firesom,ohyaa3ohN8,Mozilla/5.0 (Windows NT 6.1; rv:40.0) Gecko/20100101 Firefox/40.0,(026) 4892-305,64,Bracegirdle,2/7/1931,Aquarius,MasterCard,5280643982645613,786,3/2016,,1Z 610 016 80 8716 174 5,3683626228,5476528,Red,Library technician,Audio Aid,2005 Chrysler Sebring,SyntheticWater.co.nz,AB-,106,48.2,"2' 2""",67,fb641429-76cd-4f38-9c75-07a75f3c9564,-41.261672,174.824056
155,female,Hobbit,Ms.,Lobelia,H,Brownlock,238 Palazzo Lane,Phillipstown,,Christchurch,8011,NZ,New Zealand,LobeliaBrownlock@rhyta.com,Wrip1951,Ooch7poh9,Mozilla/5.0 (Macintosh; Intel Mac OS X 10.10; rv:40.0) Gecko/20100101 Firefox/40.0,(029) 2966-125,64,Mugwort,9/14/1951,Virgo,Visa,4929675379848491,165,1/2017,,1Z 18Y 32Y 69 8556 542 8,7174715092,10401181,Red,Shaper,Cut Rite Lawn Care,2011 Renault Modus,CampingWatch.co.nz,B+,134.9,61.3,"2' 0""",61,aa5ff00f-7529-4ab2-a816-f3e3939456c8,-43.560615,172.538026
156,female,Hobbit,Ms.,Angelica,W,Diggle,90 Judkins Crescent,Cockle Bay,,Manukau,2014,NZ,New Zealand,AngelicaDiggle@jourrapide.com,Cinissente,Fah2ao6sei,Mozilla/5.0 (Windows NT 6.1; WOW64; Trident/7.0; rv:11.0) like Gecko,(021) 7522-871,64,Brockhouse,6/16/1985,Gemini,MasterCard,5166947997473161,266,6/2016,,1Z 68V 310 44 2294 953 6,2068325672,64506779,Purple,Cost accountant,American Wholesale Club,2000 BMW 320,CardTribute.co.nz,B+,100.5,45.7,"2' 6""",75,2821b40a-26ed-4b29-a80e-54aca29af634,-36.940544,174.866306
158,female,Hobbit,Mrs.,Pearl,N,Gamgee,162 Edgar Grove,Birchville,,Upper Hutt,5018,NZ,New Zealand,PearlGamgee@rhyta.com,Finighboy,Vaeb4eeYi2c,Mozilla/5.0 (Macintosh; Intel Mac OS X 10.10; rv:40.0) Gecko/20100101 Firefox/40.0,(021) 7733-034,64,Banks,9/29/1941,Libra,MasterCard,5152888388097779,204,1/2016,,1Z 247 Y22 22 1809 878 1,2772470018,84381229,Blue,Administrator,Parts and Pieces,2010 SsangYong Chairman W,ThisMLS.co.nz,A+,136.2,61.9,"3' 0""",91,59b10ba8-ac21-44fe-8775-f9500c1d2e50,-41.183234,175.000892
160,male,Hobbit,Mr.,Gorbulas,S,Bunce,131 Domain Road,Edgecumbe,,Whakatane,3120,NZ,New Zealand,GorbulasBunce@rhyta.com,Stimplus1939,aeN9ooz2puk,Mozilla/5.0 (Macintosh; Intel Mac OS X 10.9; rv:41.0) Gecko/20100101 Firefox/41.0,(028) 6426-746,64,Bolger-Baggins,9/23/1939,Libra,Visa,4532038960508850,991,5/2016,,1Z 733 084 09 7926 881 6,9215754070,23739204,Black,Colorist,Rainbow Records,2005 Volkswagen Jetta,ReverseRepairs.co.nz,A+,145,65.9,"3' 10""",118,f1d38311-990c-4070-84bf-97624adfaf42,-38.020907,177.062076
162,female,Hobbit,Mrs.,Myrtle,T,Gammidge,32 Joan Wallace Drive,Paraparaumu Beach,,Paraparaumu,5032,NZ,New Zealand,MyrtleGammidge@fleckens.hu,Opinkh,quecho9eCh,Mozilla/5.0 (Macintosh; Intel Mac OS X 10.10; rv:40.0) Gecko/20100101 Firefox/40.0,(022) 9780-180,64,Goodbody,7/17/1942,Cancer,MasterCard,5280930364711422,551,8/2016,,1Z 035 487 69 9519 746 7,322147072,10961531,Purple,Mathematical technician,Food Barn,2015 Lexus NX 200t,PooledIncome.co.nz,A-,139.9,63.6,"3' 7""",110,b0767407-eab2-4020-a7ef-9ee8ebccd663,-40.965776,175.100535
163,male,Hobbit,Mr.,Brutus,P,Diggle,127 Halifax Street,Mt Cook,,Wellington,6021,NZ,New Zealand,BrutusDiggle@teleworm.us,Encell,aekiZ4Mahp,Mozilla/5.0 (Windows NT 6.1; WOW64; rv:40.0) Gecko/20100101 Firefox/40.0,(029) 4338-122,64,Diggle,9/22/1995,Virgo,Visa,4929964416713094,945,9/2019,,1Z 950 866 90 4108 840 1,7554456153,50188543,Blue,Government auditor,W. Bell & Co.,2002 Citroen C8,TXTStudent.co.nz,AB+,139.9,63.6,"3' 7""",110,3b954a93-052c-4614-8e03-b28cf37ab9a3,-41.347254,174.678908
171,male,Hobbit,Mr.,Ponto,J,Brown,100 Ava Street,Petone,,Lower Hutt,5012,NZ,New Zealand,PontoBrown@rhyta.com,Letion1961,eo8aeWaka7,Mozilla/5.0 (Windows NT 6.1; WOW64; Trident/7.0; rv:11.0) like Gecko,(028) 4989-901,64,Burrowes,10/11/1961,Libra,Visa,4532147844597029,83,9/2017,,1Z 58V 958 49 0026 790 1,9189298413,90125643,Blue,Photojournalist,Good Guys,2011 Citroen C-Crosser,LongKeywords.co.nz,A+,135.5,61.6,"2' 11""",90,036c5c1d-bf55-4acb-99ed-ad2124a7c224,-41.198224,174.952527
172,male,Hobbit,Mr.,Timba,M,Oldbuck,175 Ruru Street,Invercargill Central,,Invercargill,9810,NZ,New Zealand,TimbaOldbuck@cuvox.de,Haverturi,luk6iNgae,Mozilla/5.0 (Windows NT 6.1; WOW64; rv:41.0) Gecko/20100101 Firefox/41.0,(029) 7740-384,64,Lothran,12/30/1994,Capricorn,Visa,4556072298346585,622,1/2020,,1Z 967 406 50 3545 576 6,7530943523,87387561,Orange,Diesel service technician,Plan Smart,2007 Skoda Octavia,BizExhibitor.co.nz,O-,110.9,50.4,"3' 4""",102,58e70a36-9f42-4f90-8371-704a94f96dc1,-46.383428,168.247545
173,female,Hobbit,Ms.,Mentha,L,Lothran,143 Lafferty Street,Nawton,,Hamilton,3200,NZ,New Zealand,MenthaLothran@rhyta.com,Thoubjeside,Pei5aeb6c,Mozilla/5.0 (compatible; MSIE 9.0; Windows NT 6.1; Trident/5.0; Trident/5.0),(027) 6756-481,64,Tunnelly,8/21/1941,Leo,Visa,4485147280551883,136,1/2017,,1Z 03Y 174 40 0325 768 2,2584439003,44335299,Blue,Nursing aide,Listen Up,2008 Fiat Bravo,LocalCarpets.co.nz,A+,121.4,55.2,"3' 2""",96,a453d35f-8644-416f-85c2-47f78a2f6114,-37.793351,175.167416
174,male,Hobbit,Mr.,Marmaduc,S,Galbassi,103 Chamberlain Street,Leith Valley,,Dunedin,9010,NZ,New Zealand,MarmaducGalbassi@cuvox.de,Fiefeeng,eeNai4ich,Mozilla/5.0 (Windows NT 6.3; WOW64; rv:40.0) Gecko/20100101 Firefox/40.0,(020) 0259-127,64,Burrows,10/13/1947,Libra,Visa,4556325155150205,990,4/2019,,1Z 66Y 965 52 7285 840 0,4663079506,14764852,Red,Rancher,Funtown toys,2000 Oldsmobile Profile,WireslessDublin.co.nz,O+,99.9,45.4,"3' 7""",110,0fe7605f-f1e2-4928-ac98-e04097151584,-45.78912,170.558911
179,male,Hobbit,Mr.,Valdemar,Y,Took-Brandybuck,132 Courtenay Street,Waiwhakaiho,,New Plymouth,4312,NZ,New Zealand,ValdemarTook-Brandybuck@armyspy.com,Parealeareed,sa5eePienoo,Mozilla/5.0 (Macintosh; Intel Mac OS X 10.9; rv:40.0) Gecko/20100101 Firefox/40.0,(021) 7522-635,64,Chubb-Baggins,8/9/1980,Leo,Visa,4539251856363677,866,11/2019,,1Z A51 F28 15 6967 024 9,3177650892,75140615,Blue,Welding machine setter,Shoe Town,2015 BMW X6 M,EpicLinks.co.nz,B+,120.8,54.9,"3' 0""",92,d01f28d6-a820-46df-a947-527cd48ac5c5,-39.070035,173.994096
180,male,Hobbit,Mr.,Fulvus,L,Took-Brandybuck,73 Cruickshank Crescent,Anderson Park,,Napier,9810,NZ,New Zealand,FulvusTook-Brandybuck@gustr.com,Sawn1970,bohW4zuV2vie,Mozilla/5.0 (Windows NT 6.1; WOW64; rv:40.0) Gecko/20100101 Firefox/40.0,(021) 7515-183,64,Roper,4/7/1970,Aries,Visa,4539754034315691,11,11/2018,,1Z 462 603 52 2360 453 1,4074685070,80208777,Black,Ticket seller,American Wholesale Club,1997 Daihatsu Move,WorkBash.co.nz,B+,109.6,49.8,"3' 2""",96,6548ad46-890c-4580-b879-c6b4024c8901,-46.288545,168.471413
183,female,Hobbit,Mrs.,Alfrida,T,Burrowes,131 Dallinger Street,Avalon Industrial,,Hamilton,3200,NZ,New Zealand,AlfridaBurrowes@einrot.com,Wriedge,xa9Aezoj9ei,Mozilla/5.0 (Windows NT 6.1; rv:38.0) Gecko/20100101 Firefox/38.0,(026) 2362-422,64,Gaukrogers,9/26/1977,Libra,Visa,4916475538320408,716,5/2019,,1Z 605 969 99 6965 101 9,3814235152,55872713,Red,Water and wastewater treatment plant and system operator,Coast to Coast Hardware,2012 Lada Granta,LogDeals.co.nz,O+,125.2,56.9,"2' 10""",87,f490df68-617f-4966-abd3-b5edc5c56eba,-37.714492,175.185375
191,female,Hobbit,Ms.,Rhoda,T,Chubb,145 Cromer Street,Kaikoura,,Kaikoura,7300,NZ,New Zealand,RhodaChubb@fleckens.hu,Pludiam,Poo0Eewiechoo,Mozilla/5.0 (Macintosh; Intel Mac OS X 10.11; rv:41.0) Gecko/20100101 Firefox/41.0,(027) 4345-118,64,Twofoot,9/27/1970,Libra,MasterCard,5483621087219489,239,9/2019,,1Z 711 34F 48 7548 526 9,7303522862,16582821,Blue,Material distribution,Coconut's,1996 Lexus LX,BirthRequest.co.nz,A-,112.6,51.2,"2' 11""",88,56c0f8e3-0e9c-40dc-ad88-dca7b4ad383b,-42.349308,173.669635
192,male,Hobbit,Mr.,Matta,D,Labingi,98 Chenery Avenue,Styx,,Christchurch,8083,NZ,New Zealand,MattaLabingi@armyspy.com,Mythroment,Ietiem7ah,Mozilla/5.0 (X11; Ubuntu; Linux x86_64; rv:40.0) Gecko/20100101 Firefox/40.0,(028) 1095-137,64,Goldworthy,11/10/1968,Scorpio,Visa,4539884048113780,798,7/2018,,1Z Y86 9Y2 01 5253 014 6,7593788774,15295183,Blue,Cardiographic technician,Custom Lawn Service,2011 Volkswagen Beetle,UpdateClothing.co.nz,A+,112.2,51,"2' 8""",82,4227ba07-b443-47d3-9257-e45d04a602ba,-43.463242,172.587512
196,male,Hobbit,Mr.,Theobald,P,Labingi,14 Albany Road,Freemans Bay,,Auckland,1011,NZ,New Zealand,TheobaldLabingi@dayrep.com,Theraid,aek3ZefahPh,Mozilla/5.0 (Windows NT 6.1; WOW64; rv:41.0) Gecko/20100101 Firefox/41.0,(027) 1482-546,64,Sackville,2/28/1963,Pisces,MasterCard,5390037518306823,730,7/2020,,1Z 082 55E 95 0328 549 6,8941839993,27083381,Black,Landlord,Sambo's,1992 Cadillac Seville,AdvertiseInsurance.co.nz,O+,112.2,51,"3' 1""",95,2f795dce-b95e-41f2-8db5-c12d1b901527,-36.822546,174.690632
197,male,Hobbit,Mr.,Banazir,A,Took,197 Kaimoana Street,Wattle Downs,,Manukau,2103,NZ,New Zealand,BanazirTook@dayrep.com,Whatedou,eM6ooji2Oo,Mozilla/5.0 (Windows NT 6.1; WOW64; rv:41.0) Gecko/20100101 Firefox/41.0,(026) 2668-797,64,Took-Took,9/27/1947,Libra,Visa,4716104522949277,351,11/2017,,1Z 5F7 096 17 4388 648 0,609227484,61778366,Blue,Photographic equipment repairer,National Shirt Shop,2011 Mitsubishi Outlander,NoviceBuilder.co.nz,A+,107.6,48.9,"3' 6""",107,102e0e06-5549-4bdb-bda2-f0bf3fc796a1,-36.949358,174.868597
207,male,Hobbit,Mr.,Meriadoc,D,Goodbody,188 Pera Street,Wyndham,,Southland,9831,NZ,New Zealand,MeriadocGoodbody@superrito.com,Thame1955,zah6Wahb,Mozilla/5.0 (Macintosh; Intel Mac OS X 10.10; rv:40.0) Gecko/20100101 Firefox/40.0,(026) 1089-077,64,Brandybuck,2/2/1955,Aquarius,Visa,4929646847781002,5,10/2018,,1Z 96A 819 45 1165 510 1,6672416981,33677775,Black,Statistician,Planet Pizza,1995 Buick Park Avenue,Irkster.co.nz,O+,120.8,54.9,"3' 10""",116,142b31e3-3a90-4521-9dd5-7957d9124d1a,-46.390675,168.83268
210,female,Hobbit,Ms.,Hilda,R,Noakes,249 Carbine Court,Highbury,,Palmerston North,4412,NZ,New Zealand,HildaNoakes@rhyta.com,Weepty,Ke3Quaejai,Mozilla/5.0 (Windows NT 5.1; rv:41.0) Gecko/20100101 Firefox/41.0,(026) 0293-945,64,Smallburrow,6/30/1948,Cancer,Visa,4929160050487869,343,8/2020,,1Z E62 753 68 9875 450 5,4947132999,12385220,Red,Jailer,Polk Brothers,2011 Maserati Quattroporte,MortgageYour.co.nz,O+,122.5,55.7,"2' 3""",68,8e1483e3-f52a-448c-acdf-d381449cdcb7,-40.280933,175.499539
212,female,Hobbit,Ms.,Caramella,P,Whitfoot,179 Hilton Highway,Oceanview,,Timaru,7910,NZ,New Zealand,CaramellaWhitfoot@cuvox.de,Wayed1974,euqu5Eek,Mozilla/5.0 (Windows NT 6.1; WOW64; rv:40.0) Gecko/20100101 Firefox/40.0,(029) 9465-922,64,Brockhouse,10/1/1974,Libra,Visa,4716290292031535,918,2/2020,,1Z 075 59E 67 9287 957 4,4200300280,28946083,Orange,Fabricator,Pender's Food Stores,1999 Tata E220,SayStudents.co.nz,O+,141,64.1,"2' 4""",72,2118d2dc-79ee-4e6a-841e-4ff052c927ab,-44.345346,171.242164
221,female,Hobbit,Mrs.,Bell,B,Maggot,155 Wyoming Grove,Akatarawa,,Upper Hutt,5018,NZ,New Zealand,BellMaggot@gustr.com,Frageon,GaiSae5ie,Mozilla/5.0 (Windows NT 6.1; WOW64; rv:39.0) Gecko/20100101 Firefox/39.0,(022) 2889-949,64,Hornblower,9/1/1969,Virgo,Visa,4485986923758425,364,6/2018,,1Z 161 3E0 04 4352 117 4,4561219187,99852024,Red,Dental assistant,Payless Cashways,2005 GAZ 3110,MicrowaveUpdate.co.nz,AB+,124.3,56.5,"3' 7""",109,e6eb0822-69cf-4918-bc4d-9eabd638e5ff,-41.133299,175.079504
223,male,Hobbit,Mr.,Brutus,M,Goodbody,57 Albertson Avenue,Sawyers Bay,,Dunedin,9023,NZ,New Zealand,BrutusGoodbody@jourrapide.com,Houlthe,ek4OVohphoh,Mozilla/5.0 (Windows NT 6.3; WOW64; rv:40.0) Gecko/20100101 Firefox/40.0,(020) 5264-832,64,Diggle,1/27/1952,Aquarius,Visa,4539483245930490,2,10/2020,,1Z 155 V90 99 6889 854 0,8054431919,14410159,Blue,LAN administrator,Sholl's Colonial Cafeteria,2009 Daihatsu Sirion,BroadwayCareers.co.nz,A-,147.6,67.1,"2' 8""",82,a26fd478-e58b-4104-aae2-85c87c81e951,-45.821692,170.539882
226,male,Hobbit,Mr.,Sméagol,G,Zaragamba,84 Hebe Place,Beach Haven,,North Shore,626,NZ,New Zealand,SmeagolZaragamba@gustr.com,Bannionest53,ongeG2Eek5x,Mozilla/5.0 (Windows NT 10.0; WOW64; rv:40.0) Gecko/20100101 Firefox/40.0,(028) 9518-123,64,Oldbuck,3/31/1953,Aries,Visa,4929461074141312,27,9/2018,,1Z 6A0 3Y6 24 3526 986 4,3482220051,12754926,Blue,Atmospheric scientist,Builders Square,2011 Daewoo Tocsa,TripBusiness.co.nz,O+,109.3,49.7,"2' 7""",79,ef69aab5-f23a-4714-80fc-dde317372f06,-36.87022,174.801851
229,female,Hobbit,Ms.,Alfrida,M,Grubb,223 Crocombe Crescent,Chatswood,,North Shore,626,NZ,New Zealand,AlfridaGrubb@superrito.com,Thinted,zele6shaSh,Mozilla/5.0 (X11; Linux x86_64; rv:38.0) Gecko/20100101 Firefox/38.0,(021) 3827-497,64,Hayward,2/5/1977,Aquarius,MasterCard,5565511981426986,429,5/2020,,1Z 25W 961 96 4769 127 1,5347232623,35442754,Orange,Employment service specialist,Edge Yard Service,2000 Seat Arosa,PartySummer.co.nz,A+,129.4,58.8,"3' 0""",92,c97d50ce-e476-4548-b6d4-517f6c04dedf,-36.878827,174.656145
231,female,Hobbit,Ms.,Diamond,W,Gardner,220 Henderson Street,Mayfield,,Blenheim,7201,NZ,New Zealand,DiamondGardner@cuvox.de,Cappire1935,OTiech5ai,Mozilla/5.0 (Macintosh; Intel Mac OS X 10.10; rv:40.0) Gecko/20100101 Firefox/40.0,(026) 3412-873,64,Sandyman,4/22/1935,Taurus,Visa,4532020129690597,313,12/2016,,1Z 081 61F 16 0534 968 4,3891103067,79475815,Blue,Medical social worker,Body Toning,1996 Chevrolet Lumina,ChannelPreviews.co.nz,B+,130.2,59.2,"3' 10""",117,18f62a63-ff9c-41fc-8cb6-4d8418d12e54,-41.419698,174.049135
235,male,Hobbit,Mr.,Will,D,Burrows,207 Kereru Street,Ascot,,Invercargill,9810,NZ,New Zealand,WillBurrows@gustr.com,Gatchavother,Sahn7airi,Mozilla/5.0 (X11; Linux x86_64; rv:38.0) Gecko/20100101 Firefox/38.0,(026) 5107-357,64,Gammidge,2/1/1949,Aquarius,Visa,4539976333241266,741,8/2019,,1Z 739 999 11 2791 624 6,1081565725,26582875,Blue,Payroll assistant,Desert Garden Help,2005 Toyota Tundra,IndianapolisBakery.co.nz,O+,120.3,54.7,"2' 8""",81,9148c1b0-eb07-4204-b4a5-6f7f3a4b8ed0,-46.279964,168.359216
239,male,Hobbit,Mr.,Hending,A,Chubb-Baggins,205 Sherson Street,Tauranga South,,Tauranga,3112,NZ,New Zealand,HendingChubb-Baggins@dayrep.com,Cley1985,daiLo3phei,Mozilla/5.0 (Windows NT 6.3; WOW64; rv:40.0) Gecko/20100101 Firefox/40.0,(028) 9770-098,64,Goodbody,12/25/1985,Capricorn,Visa,4716421015743946,470,7/2017,,1Z 76Y 558 92 1370 498 2,2519386392,2000232,Blue,Ergonomist,Indiewealth,2004 Peugeot 907,PolicePodcast.co.nz,O+,105.4,47.9,"3' 10""",117,116c9748-ba60-46b6-87e6-149559252db9,-37.664519,176.042635
241,female,Hobbit,Mrs.,Donnamira,H,Labingi,20 Rongotai Place,Glenbervie,,Whangarei,112,NZ,New Zealand,DonnamiraLabingi@fleckens.hu,Wrid1996,Ju3chiorom,Mozilla/5.0 (Macintosh; Intel Mac OS X 10.10; rv:40.0) Gecko/20100101 Firefox/40.0,(026) 5684-091,64,Gawkroger,5/9/1996,Taurus,Visa,4539466541816984,518,5/2017,,1Z F82 948 30 5528 018 7,3996510906,39700637,Blue,Apartment manager,Enrich Garden Services,1996 Nissan Presea,MovieReseller.co.nz,O+,125,56.8,"3' 0""",91,aaff8cfd-172c-4c32-a0a1-b4aad6199e69,-35.775849,174.338426
244,male,Hobbit,Mr.,Adelgrim,C,Gaukrogers,198 Hudson Street,Mount Grand,,,9011,NZ,New Zealand,AdelgrimGaukrogers@rhyta.com,Parsten68,Oom5Sainoh8,Mozilla/5.0 (compatible; MSIE 10.0; Windows NT 6.1; WOW64; Trident/6.0),(022) 3101-135,64,Headstrong,3/28/1968,Aries,MasterCard,5489031755585134,585,6/2018,,1Z 128 242 79 4804 484 5,5455816378,41389079,Blue,Broker associate,Gallenkamp,2015 Chevrolet SS,SecureGap.co.nz,A+,128.3,58.3,"2' 7""",79,f4bd0bdf-8f02-48ff-b557-e182517165b3,-45.992019,170.574055
247,male,Hobbit,Mr.,Folcard,D,Clayhanger,92 Alexander Avenue,Marewa,,Napier,4110,NZ,New Zealand,FolcardClayhanger@rhyta.com,Thervill,uph8Imae,Mozilla/5.0 (Windows NT 6.1; rv:40.0) Gecko/20100101 Firefox/40.0,(022) 7802-865,64,Gammidge,5/1/1933,Taurus,Visa,4929790657259251,806,10/2020,,1Z 991 339 07 2004 068 1,5317210927,93150849,Green,Delivery service driver,Great Clothes,2010 Mercedes-Benz Viano,CashQuality.co.nz,A+,144.8,65.8,"3' 3""",99,0eb9b6af-9657-4f65-81e4-09a5686b806e,-39.444796,176.822952
254,female,Hobbit,Ms.,Pimpernel,H,Bolger,245 Rose Street,Frasertown,,Wairoa,4108,NZ,New Zealand,PimpernelBolger@cuvox.de,Sampeatent,Faib3zie9,Mozilla/5.0 (Windows NT 6.1; WOW64; Trident/7.0; rv:11.0) like Gecko,(028) 4704-389,64,Took-Took,1/4/1957,Capricorn,MasterCard,5282580810190198,103,3/2018,,1Z V68 Y30 79 7902 548 3,3619689764,45475124,Purple,Remote sensing specialist,New World Realty,1997 SsangYong Musso,CasinoThings.co.nz,O+,136.4,62,"3' 10""",117,b98b1f36-eb50-4c25-ad4b-9582b28c02d6,-38.939756,177.436425
256,male,Hobbit,Mr.,Ceredic,G,Took,235 Kiriwai Road,Papakowhai,,Porirua,5024,NZ,New Zealand,CeredicTook@teleworm.us,Arse1935,leF7xeifai,Mozilla/5.0 (Macintosh; Intel Mac OS X 10.10; rv:40.0) Gecko/20100101 Firefox/40.0,(027) 3873-500,64,Sandheaver,9/21/1935,Virgo,Visa,4556829037519602,824,8/2019,,1Z 186 299 05 6954 717 4,5538432504,35399055,Blue,Arc cutter,Gov Mart,1998 Subaru Vivio,CoffeeCupSnap.co.nz,A+,131.1,59.6,"3' 7""",108,a4ab837a-7070-4d8b-b099-1d025b0c48f6,-41.123413,174.856536
260,male,Hobbit,Mr.,Isengrin,P,Sandyman,6 Hillary Street,Takapu Valley,,Wellington,5028,NZ,New Zealand,IsengrinSandyman@cuvox.de,Youghbou,yoHideik8oo,Mozilla/5.0 (Windows NT 6.3; WOW64; rv:40.0) Gecko/20100101 Firefox/40.0,(021) 5556-200,64,Goldworthy,6/25/1990,Cancer,Visa,4716873407283495,937,5/2016,,1Z Y32 461 51 9780 983 1,3178916117,40529068,Blue,Soldier,Awthentikz,2005 Subaru Justy,MultipleInjuries.co.nz,A+,102.5,46.6,"2' 4""",72,5612412b-1d92-4ae1-b0dd-f1272595f3ab,-41.066555,174.889206
262,female,Hobbit,Ms.,Malva,I,Roper,239 Manly Place,Brooklands,,Christchurch,8083,NZ,New Zealand,MalvaRoper@gustr.com,Froutilt,kai9iquieR4ut,Mozilla/5.0 (Macintosh; Intel Mac OS X 10.11; rv:41.0) Gecko/20100101 Firefox/41.0,(022) 3283-081,64,Gammidge,1/7/1990,Capricorn,Visa,4929944213063356,151,4/2019,,1Z 8W5 211 10 5621 320 0,4284538598,67483329,Green,Atmospheric scientist,Franklin Music,2005 Mercedes-Benz V,CleanFaces.co.nz,O+,109.1,49.6,"2' 3""",68,91c91dc1-2217-48c7-b9d8-792abab56ec7,-43.587341,172.745144
263,female,Hobbit,Mrs.,Poppy,N,Clayhanger,96 Brownie Road,Oratia,,Waitakere,604,NZ,New Zealand,PoppyClayhanger@cuvox.de,Mined1934,vooxeeF5joo,Mozilla/5.0 (Windows NT 6.1; WOW64; Trident/7.0; rv:11.0) like Gecko,(028) 7951-183,64,Bolger-Baggins,7/5/1934,Cancer,Visa,4539574344655580,548,5/2016,,1Z 705 4Y2 67 7351 653 3,4027765076,20206612,Purple,Library technical assistant,Buttrey Food & Drug,2014 MINI Cooper Roadster,MarketingWing.co.nz,O+,120.3,54.7,"3' 3""",100,b4d1998b-b4ea-4c6e-8176-9f8cdb79744b,-36.976887,174.704642
275,male,Hobbit,Mr.,Gorhendad,N,Took,224 Matheson Road,Redvale,,Whangaparaoa,932,NZ,New Zealand,GorhendadTook@teleworm.us,Harstand,Meighib5t,Mozilla/5.0 (Windows NT 6.3; WOW64; rv:41.0) Gecko/20100101 Firefox/41.0,(028) 3589-969,64,Bunce,3/8/1993,Pisces,Visa,4485389868446876,382,5/2018,,1Z 792 620 47 5180 956 9,8363138562,60393935,Green,Publications specialist,Glicks Furniture,2012 Ascari KZ1,MarathonMeals.co.nz,A+,100.8,45.8,"2' 11""",89,9e7a6a32-1012-4917-85d6-c82acb4be8f6,-36.647699,174.719583
276,female,Hobbit,Ms.,Jessamine,T,Gaukrogers,129 Koki Road,Northcross,,North Shore,632,NZ,New Zealand,JessamineGaukrogers@cuvox.de,Ocket1980,OhWa9uuv4zo,Mozilla/5.0 (compatible; MSIE 9.0; Windows NT 6.1; WOW64; Trident/5.0),(028) 8187-535,64,Gardner,11/9/1980,Scorpio,Visa,4916497157112015,254,10/2019,,1Z 913 45V 62 5426 091 8,2018026812,87653389,Red,Gaming machine repairer,Buehler Foods,2010 Seat Exeo,VancouverResidential.co.nz,A+,131.3,59.7,"3' 10""",117,4fa39851-e123-4d9c-893a-23cf146ec710,-36.719592,174.585098
278,female,Hobbit,Mrs.,Cara,T,Twofoot,45 Tanner Road,Normanby,,Dunedin,9010,NZ,New Zealand,CaraTwofoot@armyspy.com,Quatere,Agoh6aijahy,Mozilla/5.0 (Windows NT 6.1; WOW64; rv:40.0) Gecko/20100101 Firefox/40.0,(029) 8989-423,64,Goodchild,7/9/1996,Cancer,MasterCard,5377518214308897,816,6/2018,,1Z V97 558 78 3706 450 0,9032537224,8265629,Purple,Stock trader,Olson's Market,2008 Chrysler Neon,ChanceCalculator.co.nz,A+,139.3,63.3,"3' 1""",94,1e8dfb8d-43a3-4a71-a440-ab2b1aa6a2fe,-45.876836,170.434844
285,male,Hobbit,Mr.,Filibert,M,Rumble,52 The Boulevard,Beerescourt,,Hamilton,3200,NZ,New Zealand,FilibertRumble@rhyta.com,Thermisen55,aeQu7oi6Ie,Mozilla/5.0 (Windows NT 6.1; WOW64; rv:40.0) Gecko/20100101 Firefox/40.0,(020) 2970-640,64,Roper,12/19/1955,Sagittarius,Visa,4929488272532083,540,2/2018,,1Z 593 886 42 9293 297 0,1339499806,21542543,Blue,Assembler,Sav-A-Center,2006 Infiniti Q45,FabulousSeats.co.nz,A+,134.2,61,"3' 10""",118,0f8c1c7f-e414-48ce-bd1c-dcbcf0ef3d85,-37.730418,175.143428
287,female,Hobbit,Mrs.,Melilot,N,Smallburrow,192 Pickwick Parade,Cockle Bay,,Manukau,2014,NZ,New Zealand,MelilotSmallburrow@dayrep.com,Agrecirt,aik8ku5Aexe,Mozilla/5.0 (Windows NT 6.1; WOW64; rv:41.0) Gecko/20100101 Firefox/41.0,(020) 1354-763,64,Grubb,8/8/1963,Leo,Visa,4716295712576670,472,6/2019,,1Z 393 26V 86 6826 938 6,6843323027,54621677,Blue,Payroll assistant,Helping Hand,2006 Honda Odyssey,PestControlList.co.nz,O+,133.8,60.8,"3' 7""",108,9911eefd-c09d-4f3d-ad98-9a92403a3d69,-36.90725,174.968557
288,female,Hobbit,Ms.,Salvia,F,Labingi,34 Skip Lane,East Tamaki,,Manukau,2013,NZ,New Zealand,SalviaLabingi@teleworm.us,Hoempot,See4kahphe6,Mozilla/5.0 (Windows NT 6.1; WOW64; rv:38.0) Gecko/20100101 Firefox/38.0,(020) 0572-417,64,Rumble,2/12/1972,Aquarius,Visa,4929581308241271,133,2/2016,,1Z 5E2 643 90 9894 179 3,1696328069,73094667,Black,Developmental psychologist,J. Brannam,2005 Bugatti EB 118,MitzvahBlog.co.nz,A+,110.2,50.1,"3' 6""",107,43b7d602-5506-423c-8115-18424394cfb7,-36.953391,174.805733
289,male,Hobbit,Mr.,Orgulas,R,Gamgee,51 Westenra Terrace,Heathcote Valley,,Christchurch,8022,NZ,New Zealand,OrgulasGamgee@jourrapide.com,Eniout,eel1aCooPh,Mozilla/5.0 (compatible; MSIE 9.0; Windows NT 6.0; Trident/5.0; Trident/5.0),(028) 3926-800,64,Bunce,11/2/1981,Scorpio,Visa,4916237570566037,600,11/2020,,1Z 802 633 41 1474 580 3,6671151523,23440273,Blue,Golf course architect,Intelacard,2001 Pontiac Grand Am,ControlSeeker.co.nz,A+,143.2,65.1,"3' 7""",110,24f7120c-17a8-4922-84cb-067c39a88140,-43.491101,172.729136
291,female,Hobbit,Dr.,Amanda,W,Longhole,27 Gairloch Street,North East Valley,,Dunedin,9010,NZ,New Zealand,AmandaLonghole@einrot.com,Rearmem,ieZao3ica,Mozilla/5.0 (X11; Linux x86_64; rv:41.0) Gecko/20100101 Firefox/41.0,(027) 3030-394,64,Underhill,2/25/1964,Pisces,MasterCard,5179493265497074,875,7/2018,,1Z 57E 2Y2 71 5755 481 7,5360301467,72133440,Black,Coil taper,Rainbow Bay Crafts,2011 Mercedes-Benz CLC,FightListings.co.nz,B+,130.7,59.4,"2' 7""",79,99a6403e-02c4-4052-b1b2-a3d5dbd8798f,-45.852794,170.459947
293,female,Hobbit,Mrs.,Pearl,M,Grubb,235 Rhodes Street,Aro Valley,,Wellington,6021,NZ,New Zealand,PearlGrubb@cuvox.de,Themprod,aetui7ohFo,Mozilla/5.0 (Windows NT 6.1; WOW64; rv:41.0) Gecko/20100101 Firefox/41.0,(022) 1967-669,64,Hayward,6/21/1944,Cancer,MasterCard,5110604047253633,235,12/2016,,1Z 980 1V8 07 5538 220 6,353729110,82427879,Purple,Meeting manager,Quality Merchant Services,2002 Lada 119,TicketMarkers.co.nz,O+,104.7,47.6,"2' 9""",83,5b045603-51ca-401b-a3b4-865d0f81abe2,-41.271099,174.738805
294,male,Hobbit,Mr.,Nicol,C,Boffin,136 Rowan Avenue,Aranui,,Christchurch,8061,NZ,New Zealand,NicolBoffin@jourrapide.com,Dord1957,Quee7ohle8,Mozilla/5.0 (Macintosh; Intel Mac OS X 10.11; rv:41.0) Gecko/20100101 Firefox/41.0,(026) 1242-499,64,Baggins,10/31/1957,Scorpio,Visa,4716924646932382,334,2/2016,,1Z 998 559 77 5366 384 0,9628593954,45851488,Green,Construction cost estimator,JumboSports,1994 Toyota Century,WinningProfit.co.nz,AB+,120.6,54.8,"2' 5""",74,cd526e0e-a760-43b3-bb3c-dc96b9d51535,-43.45641,172.766665
295,female,Hobbit,Mrs.,Salvia,M,Bolger-Baggins,203 Ellsworth Place,Puketaha,,Hamilton,3210,NZ,New Zealand,SalviaBolger-Baggins@armyspy.com,Kinger,oFahx1choh,Mozilla/5.0 (X11; Linux x86_64; rv:38.0) Gecko/20100101 Firefox/38.0,(028) 2246-238,64,Sackville-Baggins,10/16/1972,Libra,Visa,4556531908099199,167,7/2020,,1Z 116 99E 00 4193 849 6,1504426212,50363739,Blue,Geriatric aide,Enviro Architectural Designs,2012 Alfa Romeo MiTo,ColaWater.co.nz,O+,99.2,45.1,"2' 6""",75,b4a9c81f-726c-49d3-a6b5-37f9b92dca27,-37.701823,175.311557
296,female,Hobbit,Ms.,Daisy,R,Twofoot,244 Creedon Glen,Redwood,,Christchurch,8051,NZ,New Zealand,DaisyTwofoot@gustr.com,Nouranglithe,eic9rooSh3bie,Mozilla/5.0 (compatible; MSIE 10.0; Windows NT 6.1; WOW64; Trident/6.0),(028) 3288-624,64,Noakes,3/10/1934,Pisces,MasterCard,5592324122563635,643,2/2020,,1Z 52Y 738 94 8688 044 1,5215900163,37449049,Purple,Fishing vessel operator,Hamady Bros. Supermarkets,1998 Audi A8,ScholarshipFraud.co.nz,A+,136.8,62.2,"3' 10""",117,0545dfed-c61c-45ca-a157-abb49fe8592f,-43.504211,172.672186
297,female,Hobbit,Mrs.,Pamphila,H,Gammidge,244 Samuel Way,Matapihi,,Tauranga,3110,NZ,New Zealand,PamphilaGammidge@dayrep.com,Hourgen,ulooth7Ozaj,Mozilla/5.0 (Macintosh; Intel Mac OS X 10.11; rv:41.0) Gecko/20100101 Firefox/41.0,(020) 0802-984,64,Took-Took,3/25/1957,Aries,Visa,4556123567649942,662,1/2017,,1Z 4F2 34V 42 9241 552 8,8165718712,43334236,Orange,Molder,Madcats Music & Books,1994 Rover Range Rover,FullFemale.co.nz,O+,129.1,58.7,"2' 7""",78,c3a5257e-ef96-4911-8a4d-051454ea0175,-37.705156,176.193941
298,male,Hobbit,Mr.,Hildigrim,A,Grubb,68 Pandora Avenue,Taylorville,,Greymouth,7805,NZ,New Zealand,HildigrimGrubb@armyspy.com,Hathead,aoK1aethaz5,Mozilla/5.0 (Windows NT 6.1; WOW64; rv:40.0) Gecko/20100101 Firefox/40.0,(028) 3154-298,64,Bunce,2/21/1970,Pisces,Visa,4929795824524354,160,8/2016,,1Z 358 8E4 32 6437 804 1,325434096,68154959,Blue,Law clerk,Magna Gases,1997 Citroen AX,BanquetSearch.co.nz,O-,109.6,49.8,"3' 11""",120,9646ab7d-8691-4b6c-a1e9-23ca37840c29,-42.486638,171.1559
